{"fab": {"all": [1.366066813468933, 1.3096909523010254, 1.1408356428146362, 1.525132179260254, 1.5645084381103516, 1.5987300872802734, 1.4726499319076538, 1.1693849563598633, 1.307040810585022, 0.8098570108413696, 0.9987416863441467, 0.795811653137207, 1.908039927482605, 1.9052871465682983, 1.9381792545318604, 1.3281798362731934, 1.6153494119644165, 1.274329423904419, 0.9964204430580139, 0.9892232418060303, 1.1290371417999268, 0.9893835186958313, 1.0827276706695557, 1.0529038906097412, 1.299939513206482, 1.1208477020263672, 0.9964497089385986, 1.6525245904922485, 1.8389421701431274, 1.8508497476577759, 1.3063663244247437, 1.6911519765853882, 1.0597718954086304, 1.0370386838912964, 1.0919358730316162], "fr": [1.3311691284179688, 1.2861676216125488, 0.7538408041000366, 1.0857484340667725, 1.1360712051391602, 1.1860774755477905, 1.123890995979309, 0.8013702630996704, 1.0763293504714966, 0.5818825364112854, 0.4987056851387024, 0.5965469479560852, 1.2385426759719849, 1.220420479774475, 1.22627592086792, 1.1056208610534668, 1.2259262800216675, 0.9510168433189392, 0.6845541000366211, 0.5492178201675415, 0.647817075252533, 1.0170345306396484, 1.05783212184906, 1.0904756784439087, 1.050643801689148, 0.9703993201255798, 0.8844923377037048, 0.7788906693458557, 0.8366835117340088, 0.8365397453308105, 1.117483139038086, 1.4683313369750977, 0.7354086637496948, 0.7188839316368103, 0.670311689376831], "cdr1": [1.7356159687042236, 1.4761348962783813, 1.2662482261657715, 2.275101661682129, 2.6266942024230957, 2.6664927005767822, 1.0358179807662964, 0.9124957323074341, 1.2252355813980103, 1.4511076211929321, 0.8242303133010864, 1.1059377193450928, 1.964964747428894, 1.3853424787521362, 1.8344205617904663, 0.7469940185546875, 0.8486331701278687, 1.0640573501586914, 1.5020523071289062, 1.3432058095932007, 1.6543318033218384, 1.0545282363891602, 1.3987534046173096, 0.8945817351341248, 1.2990702390670776, 1.151026964187622, 0.5173966288566589, 1.3531345129013062, 1.4195706844329834, 1.4797191619873047, 0.7642017602920532, 2.748936176300049, 1.2667958736419678, 1.4390779733657837, 1.8360804319381714], "cdr2": [1.277421236038208, 0.9184402823448181, 1.121771216392517, 2.8640384674072266, 2.926161527633667, 2.7015554904937744, 1.0475443601608276, 1.3477376699447632, 1.1907089948654175, 0.440693736076355, 0.7470794916152954, 0.6705195903778076, 1.0206328630447388, 0.7072733044624329, 0.6480218768119812, 1.4022663831710815, 1.19327974319458, 1.2257885932922363, 0.660145103931427, 0.7613375782966614, 0.7102869153022766, 0.5651504993438721, 0.7588757872581482, 0.7743397355079651, 1.6183228492736816, 1.4696944952011108, 1.020806074142456, 1.1795623302459717, 1.372301697731018, 1.208676815032959, 0.5639263391494751, 1.4610141515731812, 2.6725687980651855, 2.5389444828033447, 2.7903518676757812], "cdr3": [1.303673267364502, 1.5002700090408325, 2.67022967338562, 2.3586127758026123, 2.0569190979003906, 2.249272346496582, 3.00081729888916, 2.4765353202819824, 2.3358349800109863, 1.443222999572754, 2.5180511474609375, 1.4837498664855957, 4.370278358459473, 4.561890125274658, 4.5753350257873535, 2.4158952236175537, 3.3508236408233643, 2.559709310531616, 1.986322045326233, 2.2693309783935547, 2.5286269187927246, 0.8280507922172546, 1.173502802848816, 0.9230227470397949, 2.314049482345581, 1.7364376783370972, 1.6794410943984985, 4.44982385635376, 4.997817516326904, 5.04886531829834, 2.61539363861084, 2.1995954513549805, 1.6656287908554077, 1.5724660158157349, 1.6412627696990967], "h3": [1.4128146171569824, 1.875771164894104, 1.8426344394683838, 2.4592978954315186, 1.7665843963623047, 1.687459945678711, 3.4010002613067627, 3.1280038356781006, 2.78024959564209, 1.634712815284729, 3.0200798511505127, 1.7904850244522095, 5.491492748260498, 5.860385894775391, 5.834443092346191, 2.9150352478027344, 4.021537780761719, 3.190288782119751, 2.3712568283081055, 2.7165749073028564, 2.97198748588562, 0.9057435989379883, 0.86097252368927, 0.9890567064285278, 2.8316609859466553, 1.939720869064331, 1.951888918876648, 5.567165851593018, 6.29705810546875, 6.348959445953369, 3.3219501972198486, 2.598656415939331, 1.2973941564559937, 1.4345704317092896, 1.139233112335205], "l3": [1.1420403718948364, 0.7486880421638489, 3.4076263904571533, 2.2050774097442627, 2.415447950363159, 2.87296199798584, 2.2462425231933594, 0.7003509402275085, 1.3936580419540405, 1.0396746397018433, 1.2704617977142334, 0.7029687166213989, 2.005340337753296, 1.5350488424301147, 1.7494162321090698, 1.313118577003479, 1.893709421157837, 0.9739367365837097, 1.0459070205688477, 1.165763020515442, 1.4993565082550049, 0.7422698736190796, 1.4187825918197632, 0.8518854379653931, 1.0455896854400635, 1.3489009141921997, 1.1124591827392578, 1.0709480047225952, 0.7212791442871094, 0.8910476565361023, 0.883593738079071, 1.4021508693695068, 1.938117265701294, 1.6869621276855469, 1.9874721765518188]}, "vhh": {"all": [1.4192898273468018, 1.6122748851776123, 1.1757320165634155, 1.1692097187042236, 1.3821911811828613], "fr": [1.1882461309432983, 1.337739109992981, 1.0475622415542603, 0.831520140171051, 0.9548753499984741], "cdr1": [2.6082046031951904, 3.1631994247436523, 0.9364530444145203, 1.201136589050293, 1.0942468643188477], "cdr2": [1.5118095874786377, 1.7266618013381958, 2.3302369117736816, 2.814441680908203, 2.221447229385376], "cdr3": [1.7044565677642822, 1.7552372217178345, 1.0909078121185303, 1.3863450288772583, 2.6475841999053955], "h3": [1.7044565677642822, 1.7552372217178345, 1.0909078121185303, 1.3863450288772583, 2.6475841999053955]}}