{"fab": {"all": [1.2966071367263794, 1.199660301208496, 0.9696676731109619, 1.2229678630828857, 1.2610619068145752, 1.278035044670105, 1.197991132736206, 1.1415144205093384, 1.2507057189941406, 0.7837582230567932, 0.8841946125030518, 0.8257437348365784, 1.957313895225525, 1.8556309938430786, 2.0464208126068115, 1.1976616382598877, 1.220526933670044, 1.2133816480636597, 0.9718880653381348, 0.919553279876709, 0.9200336337089539, 1.021422266960144, 1.1340805292129517, 1.1370117664337158, 0.9791962504386902, 0.9916477799415588, 0.9744471907615662, 1.3048068284988403, 1.6292489767074585, 1.646301031112671, 1.3410099744796753, 1.666357159614563, 1.0689610242843628, 0.9995334148406982, 1.0131076574325562], "fr": [1.235841989517212, 1.201979398727417, 0.6981817483901978, 1.0468395948410034, 0.9911884069442749, 1.0383284091949463, 0.8080106377601624, 0.6944844126701355, 0.6656929850578308, 0.6679858565330505, 0.759759247303009, 0.6899609565734863, 1.1734803915023804, 1.0717291831970215, 1.2114312648773193, 0.7114815711975098, 0.6805686950683594, 0.6695849299430847, 0.8123174905776978, 0.8272446990013123, 0.8377149701118469, 1.0650781393051147, 1.1313998699188232, 1.1600322723388672, 0.8149862885475159, 0.7832693457603455, 0.825263261795044, 0.5949402451515198, 0.9945688843727112, 0.6020253896713257, 1.2439773082733154, 1.3788433074951172, 0.6419066190719604, 0.6334143280982971, 0.697034478187561], "cdr1": [1.7867149114608765, 1.4595959186553955, 0.9188717603683472, 1.9281747341156006, 1.1691776514053345, 1.5055874586105347, 0.8852264881134033, 0.9607589840888977, 0.7639568448066711, 0.9240423440933228, 1.1552865505218506, 1.359371304512024, 1.6434261798858643, 1.5491819381713867, 1.8221981525421143, 1.0201891660690308, 0.9404751658439636, 0.9057448506355286, 1.5937609672546387, 0.9343405961990356, 1.3137487173080444, 0.837530255317688, 1.053992509841919, 0.9906733632087708, 0.5381984710693359, 0.9579688310623169, 0.6237114071846008, 0.7818565368652344, 1.2026796340942383, 0.8748568296432495, 1.252875804901123, 2.7171027660369873, 0.5668555498123169, 1.748922348022461, 1.306165099143982], "cdr2": [0.9160149693489075, 0.9115976691246033, 1.2419368028640747, 1.9698946475982666, 2.8584721088409424, 2.7988088130950928, 1.645186424255371, 1.731460690498352, 1.5134447813034058, 0.7555728554725647, 1.0768102407455444, 0.8404267430305481, 1.037473440170288, 1.2102324962615967, 1.5154718160629272, 1.2210370302200317, 1.3483664989471436, 1.6577173471450806, 1.0671976804733276, 0.7793048620223999, 1.022167444229126, 0.751930832862854, 1.0127124786376953, 0.7821605205535889, 0.7662584185600281, 0.9310926795005798, 0.7752031683921814, 0.6583569645881653, 1.0468826293945312, 0.9388781189918518, 0.7304815649986267, 1.3504515886306763, 3.3225314617156982, 2.684978485107422, 2.7767763137817383], "cdr3": [1.4123644828796387, 1.0256496667861938, 2.0987935066223145, 1.1610018014907837, 1.6112748384475708, 1.3073161840438843, 2.511800527572632, 2.470072031021118, 3.0010764598846436, 1.268405556678772, 1.2953917980194092, 1.1635510921478271, 4.757155418395996, 4.556456565856934, 4.927794456481934, 2.751520872116089, 2.8755595684051514, 2.8088455200195312, 1.3509799242019653, 1.4115737676620483, 1.1029330492019653, 0.8324168920516968, 1.279444932937622, 1.1864620447158813, 1.8751236200332642, 1.9048653841018677, 1.8048884868621826, 3.6103994846343994, 4.069775104522705, 4.721451759338379, 2.1487128734588623, 2.4796524047851562, 1.7272319793701172, 1.2006683349609375, 1.3194191455841064], "h3": [1.1905839443206787, 0.8269047737121582, 1.4487974643707275, 0.9910561442375183, 1.8603816032409668, 1.4177714586257935, 3.1140952110290527, 3.1278598308563232, 3.716127872467041, 1.4394875764846802, 1.3837485313415527, 1.2759101390838623, 6.022430896759033, 5.824309825897217, 6.23020601272583, 3.352452516555786, 3.4923017024993896, 3.5325403213500977, 1.5483229160308838, 1.3262677192687988, 1.20846688747406, 0.8781300783157349, 0.7968930006027222, 0.9586828947067261, 2.332089424133301, 2.2910828590393066, 2.1069655418395996, 4.557848930358887, 5.138742923736572, 5.967503070831299, 2.7335307598114014, 2.9278576374053955, 1.1225526332855225, 0.8819879293441772, 0.8855685591697693], "l3": [1.662673830986023, 1.2421238422393799, 2.6780662536621094, 1.3697468042373657, 1.1606168746948242, 1.128847599029541, 1.0355911254882812, 0.6407060027122498, 1.2583385705947876, 0.9062507748603821, 1.1294316053390503, 0.9422783851623535, 2.007909059524536, 1.6775223016738892, 2.1133792400360107, 1.3791407346725464, 1.4830148220062256, 0.8928426504135132, 0.9232984185218811, 1.5458275079727173, 0.8954207301139832, 0.7840429544448853, 1.624475359916687, 1.3770662546157837, 0.6633274555206299, 1.0176604986190796, 1.169158935546875, 0.3696492314338684, 0.3963080942630768, 0.3062652349472046, 0.7019660472869873, 1.585296869277954, 2.1293697357177734, 1.4279130697250366, 1.6130216121673584]}, "vhh": {"all": [1.3454792499542236, 1.413725733757019, 1.010869026184082, 0.9533846378326416, 0.9342643618583679], "fr": [0.9012063145637512, 1.245745062828064, 0.938875675201416, 0.8825558423995972, 0.9369838237762451], "cdr1": [3.721701145172119, 2.6101233959198, 1.4829790592193604, 1.4357489347457886, 0.9910539984703064], "cdr2": [0.5283105969429016, 1.4728156328201294, 0.6382334232330322, 1.2054275274276733, 1.1193550825119019], "cdr3": [1.2486968040466309, 1.3265570402145386, 1.2659356594085693, 0.8805915713310242, 0.748635470867157], "h3": [1.2486968040466309, 1.3265570402145386, 1.2659356594085693, 0.8805915713310242, 0.748635470867157]}}