{"fab": {"all": [1.69546639919281, 1.6835585832595825, 1.039617896080017, 1.537177562713623, 1.4131935834884644, 1.3497796058654785, 1.3352478742599487, 1.1534228324890137, 1.0955182313919067, 1.1171811819076538, 0.9989638328552246, 0.7855032086372375, 1.8375471830368042, 1.5697195529937744, 1.7272603511810303, 1.4880465269088745, 1.3446660041809082, 1.511296033859253, 0.9837557673454285, 1.0097922086715698, 0.8790417313575745, 1.0070756673812866, 1.3476109504699707, 1.191880226135254, 0.952627956867218, 1.1182783842086792, 0.8702239394187927, 1.5030620098114014, 1.2736343145370483, 1.2127513885498047, 1.2473483085632324, 2.1630287170410156, 1.1495410203933716, 1.0354341268539429, 1.0318349599838257], "fr": [1.6372498273849487, 1.6799849271774292, 0.8344323635101318, 1.2926204204559326, 1.2196707725524902, 1.069954752922058, 1.1965466737747192, 0.6891735196113586, 0.6425707340240479, 0.9818852543830872, 0.9278454780578613, 0.6746934056282043, 1.3005865812301636, 0.8922040462493896, 1.1533527374267578, 1.2443170547485352, 0.9702961444854736, 1.1146647930145264, 0.8901003003120422, 0.9192782044410706, 0.8203932046890259, 1.0432345867156982, 1.3764482736587524, 1.2394555807113647, 0.9590668082237244, 1.1363203525543213, 0.8167737722396851, 0.8675110936164856, 0.6159047484397888, 0.6611559391021729, 1.2317534685134888, 1.948410987854004, 0.9432300329208374, 0.9104782938957214, 0.6729925274848938], "cdr1": [2.4466028213500977, 2.3061487674713135, 1.069315791130066, 2.055053949356079, 2.032897710800171, 1.9630756378173828, 0.7135304808616638, 0.6851531863212585, 0.7403224110603333, 0.9593367576599121, 0.9266256093978882, 0.8413297533988953, 1.3771090507507324, 0.961735725402832, 1.1761646270751953, 0.7318794131278992, 0.5286845564842224, 0.6610017418861389, 1.0119282007217407, 1.2422730922698975, 1.0011355876922607, 0.7761929035186768, 1.322451114654541, 0.9081578850746155, 0.8331893086433411, 1.1912574768066406, 0.7527106404304504, 1.25508451461792, 0.7480247020721436, 1.003652811050415, 1.0371222496032715, 3.4229650497436523, 1.1243280172348022, 1.0957177877426147, 1.9946982860565186], "cdr2": [0.829617440700531, 1.3317664861679077, 1.650667428970337, 2.7230262756347656, 2.2083218097686768, 2.700909376144409, 0.8076105713844299, 0.732132077217102, 1.0774075984954834, 1.2877780199050903, 0.988290011882782, 0.8264749050140381, 1.097263216972351, 0.8724134564399719, 1.0258169174194336, 0.9511622190475464, 0.9758644700050354, 0.8268774151802063, 0.6731597185134888, 1.0044093132019043, 0.9195419549942017, 0.9635071754455566, 1.1755387783050537, 1.1089779138565063, 0.871837317943573, 0.9229456782341003, 0.8687491416931152, 1.326965570449829, 0.6905206441879272, 0.7868059277534485, 0.786980926990509, 1.514603853225708, 2.7959787845611572, 2.3180947303771973, 2.4158382415771484], "cdr3": [1.6463645696640015, 1.0615063905715942, 1.8344318866729736, 1.79862380027771, 1.5850151777267456, 1.4680193662643433, 2.280322313308716, 2.757359504699707, 2.5731499195098877, 1.7842844724655151, 1.4148755073547363, 1.27178156375885, 4.106639862060547, 3.959076404571533, 4.028439998626709, 2.8187499046325684, 2.925443172454834, 3.2598445415496826, 1.514939308166504, 1.3702154159545898, 1.1287884712219238, 0.8196774125099182, 1.1560370922088623, 0.9376603364944458, 0.9997484087944031, 1.023163914680481, 1.2187389135360718, 3.7664616107940674, 3.4767768383026123, 3.143845558166504, 1.6261380910873413, 2.64168119430542, 1.302385687828064, 0.8854078054428101, 1.3406012058258057], "h3": [1.8066247701644897, 0.8246029615402222, 1.2609864473342896, 1.431778073310852, 1.4028093814849854, 1.5914298295974731, 2.9051754474639893, 3.441075325012207, 3.2696938514709473, 1.9078742265701294, 1.602874755859375, 1.3612844944000244, 5.291107654571533, 5.160140037536621, 5.198665142059326, 3.5227770805358887, 3.6372265815734863, 4.162939548492432, 1.6157779693603516, 1.5077649354934692, 1.2983101606369019, 0.45841264724731445, 0.5269779562950134, 0.5310747027397156, 0.8147591352462769, 0.9756646156311035, 0.947314977645874, 4.733663558959961, 4.359808444976807, 3.9604249000549316, 1.8142938613891602, 3.041968584060669, 0.9554460048675537, 0.61043781042099, 0.9223054051399231], "l3": [1.404521107673645, 1.3124645948410034, 2.3441851139068604, 2.224139928817749, 1.8162120580673218, 1.2687416076660156, 0.43854933977127075, 1.026373028755188, 0.5756841897964478, 1.5517536401748657, 1.018530249595642, 1.103083848953247, 1.2982358932495117, 0.8594801425933838, 1.226407766342163, 1.0224974155426025, 1.1571903228759766, 0.5163953304290771, 1.3260302543640137, 1.0975066423416138, 0.7580933570861816, 1.064706563949585, 1.5476232767105103, 1.215061068534851, 1.2395806312561035, 1.0948851108551025, 1.5575605630874634, 0.6957048773765564, 0.7447957992553711, 0.46379029750823975, 1.3073952198028564, 1.888342261314392, 1.5495827198028564, 1.0743037462234497, 1.627611517906189]}, "vhh": {"all": [1.4736342430114746, 1.4930143356323242, 1.005090594291687, 0.9709256887435913, 0.9871372580528259], "fr": [1.4090640544891357, 1.5569143295288086, 1.0351403951644897, 0.9433709383010864, 1.0022850036621094], "cdr1": [2.2268247604370117, 1.70615553855896, 0.9018541574478149, 0.7683742642402649, 0.9730901718139648], "cdr2": [1.6182224750518799, 1.0562620162963867, 1.1071245670318604, 1.6574087142944336, 1.3093640804290771], "cdr3": [1.1245356798171997, 0.9854822158813477, 0.7780888080596924, 0.6723621487617493, 0.6112239360809326], "h3": [1.1245356798171997, 0.9854822158813477, 0.7780888080596924, 0.6723621487617493, 0.6112239360809326]}}