{"fab": {"all": [1.4446501731872559, 1.4581162929534912, 1.3219034671783447, 2.0087976455688477, 1.7192728519439697, 1.5784010887145996, 1.5852627754211426, 1.5582581758499146, 1.5651746988296509, 1.0967371463775635, 1.0583782196044922, 1.0022403001785278, 1.9689644575119019, 2.0223639011383057, 2.1476359367370605, 1.683056354522705, 1.689841389656067, 1.655713438987732, 1.0311335325241089, 0.978111207485199, 1.126583218574524, 1.1978751420974731, 1.1142561435699463, 1.1401902437210083, 1.6219418048858643, 1.5797079801559448, 1.343229055404663, 1.3979772329330444, 2.128188133239746, 1.4481064081192017, 1.3515123128890991, 1.8986694812774658, 1.1232542991638184, 1.095311164855957, 1.2928005456924438], "fr": [1.3984549045562744, 1.445365071296692, 0.9044414758682251, 1.6819933652877808, 1.384204626083374, 1.3306593894958496, 1.0736984014511108, 1.1407476663589478, 1.12578547000885, 0.7648757696151733, 0.7066907286643982, 0.8059397339820862, 1.4111593961715698, 1.3918826580047607, 1.4401286840438843, 1.3371690511703491, 0.983123779296875, 1.1513581275939941, 0.7391431331634521, 0.7360041737556458, 0.8572379350662231, 1.1945064067840576, 1.087202787399292, 1.1603060960769653, 1.4535435438156128, 1.3570033311843872, 1.1753313541412354, 1.1101951599121094, 1.619794249534607, 0.9968149065971375, 1.1906522512435913, 1.6341720819473267, 0.78287273645401, 0.9302025437355042, 0.9039068818092346], "cdr1": [1.9150371551513672, 1.9819399118423462, 1.7122267484664917, 2.9419045448303223, 2.6260712146759033, 2.0598032474517822, 1.014540195465088, 1.0609443187713623, 1.2583918571472168, 1.116837739944458, 1.0447930097579956, 1.6410000324249268, 1.063467025756836, 1.0706145763397217, 1.2009027004241943, 1.4267914295196533, 1.6297167539596558, 1.048958420753479, 0.8805568814277649, 0.9517086744308472, 1.0646772384643555, 1.3303923606872559, 1.3302812576293945, 1.0840016603469849, 1.6777287721633911, 1.3616679906845093, 0.980281412601471, 1.01320481300354, 1.3434340953826904, 1.0121147632598877, 1.4920165538787842, 3.2150683403015137, 0.9743595123291016, 1.5059709548950195, 2.4850716590881348], "cdr2": [0.9967647194862366, 1.0011074542999268, 1.8504246473312378, 3.266122341156006, 2.8651387691497803, 2.901839017868042, 1.1013766527175903, 1.362316370010376, 1.2336883544921875, 0.6876422166824341, 0.896433413028717, 0.9037654995918274, 0.8722468614578247, 0.840090811252594, 0.8111233115196228, 1.8280773162841797, 1.6797763109207153, 1.488368272781372, 0.8636313080787659, 0.9365546107292175, 0.9569791555404663, 1.0974949598312378, 0.8058834075927734, 0.7449814677238464, 1.6811927556991577, 1.449113130569458, 1.047937273979187, 1.3585952520370483, 1.162174940109253, 1.182236909866333, 1.1906086206436157, 1.8999159336090088, 2.878760576248169, 2.18044114112854, 2.7985589504241943], "cdr3": [1.508041262626648, 1.1463879346847534, 2.7856357097625732, 2.397620439529419, 2.1829617023468018, 1.770565390586853, 3.545053243637085, 3.255946159362793, 3.296668529510498, 2.359126567840576, 2.3222179412841797, 1.5619802474975586, 4.468904495239258, 4.718732833862305, 5.08270263671875, 3.125121593475342, 3.880624532699585, 3.5967488288879395, 2.1902947425842285, 1.9450005292892456, 2.2455906867980957, 1.1676504611968994, 1.3112602233886719, 1.1663894653320312, 2.456477165222168, 2.745175361633301, 2.341918468475342, 2.8211419582366943, 4.676121711730957, 3.3643031120300293, 2.2592220306396484, 2.3337795734405518, 1.8940608501434326, 1.2110759019851685, 1.625397801399231], "h3": [1.6137865781784058, 1.2657705545425415, 2.5029234886169434, 2.0309348106384277, 1.884767770767212, 1.8553979396820068, 4.5053911209106445, 4.109716415405273, 4.050545692443848, 2.857452630996704, 2.867732048034668, 1.8219900131225586, 5.821176528930664, 6.149930000305176, 6.619792461395264, 3.8009212017059326, 4.806404113769531, 4.5154876708984375, 2.6214005947113037, 2.232520580291748, 2.6235311031341553, 1.3398274183273315, 0.4812787175178528, 1.285741925239563, 2.432199001312256, 3.040807008743286, 2.4367504119873047, 3.523672103881836, 5.881400108337402, 4.230432987213135, 2.6147549152374268, 2.7827320098876953, 1.996586561203003, 1.0694652795791626, 1.1202924251556396], "l3": [1.3542637825012207, 0.9644924402236938, 3.090944290161133, 2.8450307846069336, 2.5529184341430664, 1.6403021812438965, 0.7869346737861633, 0.939395010471344, 1.5191799402236938, 1.0706214904785156, 0.7613610029220581, 0.9716023802757263, 0.9980553388595581, 1.0270376205444336, 1.1423922777175903, 1.5914467573165894, 1.6218106746673584, 1.1909198760986328, 1.1273850202560425, 1.3195152282714844, 1.3835729360580444, 0.9652347564697266, 1.7908594608306885, 1.0333423614501953, 2.49483060836792, 2.1906979084014893, 2.1816296577453613, 0.7278764247894287, 0.8112877607345581, 0.5959461331367493, 1.6127820014953613, 1.4145399332046509, 1.796792984008789, 1.325654149055481, 1.9723323583602905]}, "vhh": {"all": [1.9045116901397705, 1.736146330833435, 1.2340134382247925, 1.0154110193252563, 1.2574081420898438], "fr": [1.1888052225112915, 1.5286847352981567, 0.9927995204925537, 0.8519145250320435, 0.932077169418335], "cdr1": [5.212118625640869, 2.9058921337127686, 1.6826974153518677, 1.376567006111145, 0.742250919342041], "cdr2": [1.5608599185943604, 1.6140278577804565, 1.8803068399429321, 1.5109292268753052, 2.298208713531494], "cdr3": [1.9926483631134033, 2.1062278747558594, 1.7543801069259644, 1.3359355926513672, 2.1527111530303955], "h3": [1.9926483631134033, 2.1062278747558594, 1.7543801069259644, 1.3359355926513672, 2.1527111530303955]}}