{"fab": {"all": [1.4152454137802124, 1.4917784929275513, 1.226086974143982, 1.3566596508026123, 1.2983150482177734, 1.4016389846801758, 1.189320683479309, 1.2848213911056519, 1.0858453512191772, 1.0383540391921997, 0.9073438048362732, 1.1263306140899658, 1.7135834693908691, 1.7374413013458252, 1.7851704359054565, 1.4702149629592896, 1.3876668214797974, 1.4022208452224731, 0.9959281086921692, 1.0623843669891357, 0.9395511150360107, 1.1670259237289429, 1.2249176502227783, 1.0924171209335327, 1.1518734693527222, 1.2622005939483643, 1.2185808420181274, 1.5813835859298706, 1.8591153621673584, 1.9282172918319702, 1.3134336471557617, 1.9187263250350952, 1.1282503604888916, 1.2127199172973633, 1.2069109678268433], "fr": [1.3895549774169922, 1.4794889688491821, 0.8439571261405945, 1.1827305555343628, 1.0819960832595825, 1.2532788515090942, 0.8869000673294067, 1.0657860040664673, 0.7330887317657471, 0.866527259349823, 0.7259827852249146, 0.8521947264671326, 0.8976985812187195, 1.1070032119750977, 1.0882598161697388, 1.235962152481079, 1.0634276866912842, 1.0606071949005127, 0.6326954960823059, 0.8037110567092896, 0.7356796860694885, 1.1717456579208374, 1.2127424478530884, 1.1179728507995605, 0.8561598658561707, 1.0299476385116577, 0.9006506204605103, 0.958282470703125, 0.8606592416763306, 0.913887619972229, 1.2876640558242798, 1.6225351095199585, 0.817676842212677, 0.9586320519447327, 0.8174574971199036], "cdr1": [1.8964916467666626, 1.8537486791610718, 1.0153005123138428, 1.9831984043121338, 1.5177242755889893, 1.9721728563308716, 0.867174506187439, 0.9047965407371521, 0.9127623438835144, 0.8976553678512573, 0.7158289551734924, 1.7564548254013062, 0.9631798267364502, 1.0254600048065186, 1.0112946033477783, 1.0996423959732056, 1.0239557027816772, 1.3552360534667969, 1.250093698501587, 1.4193699359893799, 1.4583169221878052, 1.0825973749160767, 1.5939351320266724, 0.9697128534317017, 0.897434413433075, 0.7872380018234253, 0.8954392075538635, 1.3737843036651611, 1.1930941343307495, 1.103937029838562, 0.8983982801437378, 2.949342966079712, 0.951393723487854, 1.521384358406067, 1.9424806833267212], "cdr2": [1.3130570650100708, 1.155471920967102, 1.5936392545700073, 1.8381893634796143, 2.3206562995910645, 1.9222931861877441, 1.1819385290145874, 1.2644191980361938, 1.1580580472946167, 0.5952879190444946, 0.7220782041549683, 0.7170582413673401, 0.650507390499115, 0.6305637955665588, 0.6603736281394958, 1.1961055994033813, 1.170042872428894, 1.2826917171478271, 0.5525050759315491, 0.7085297107696533, 0.5686966776847839, 0.9639614820480347, 1.0150575637817383, 0.8248269557952881, 1.1171666383743286, 1.0679458379745483, 0.8697465658187866, 0.9011228084564209, 1.0381438732147217, 0.8910269737243652, 1.2718504667282104, 1.6321625709533691, 2.8948707580566406, 2.533796548843384, 2.968297243118286], "cdr3": [1.1159248352050781, 1.3600287437438965, 2.785277843475342, 1.6395426988601685, 1.7417963743209839, 1.5625265836715698, 2.4112136363983154, 2.3319849967956543, 2.3270139694213867, 1.9208697080612183, 1.7590070962905884, 2.021754503250122, 4.4699788093566895, 4.214218616485596, 4.421788692474365, 2.6543285846710205, 2.77959942817688, 2.746793270111084, 2.202652931213379, 2.0134057998657227, 1.6216206550598145, 1.2850972414016724, 1.0900607109069824, 1.0633201599121094, 2.398299217224121, 2.448336362838745, 2.6125710010528564, 3.937152624130249, 5.108730316162109, 5.304471492767334, 1.705405831336975, 2.833190679550171, 1.781572937965393, 1.7792521715164185, 1.6849627494812012], "h3": [1.0230287313461304, 1.186951756477356, 2.1579625606536865, 1.8006070852279663, 1.8554351329803467, 1.705647587776184, 3.069586753845215, 2.9395217895507812, 2.9028773307800293, 2.2343037128448486, 2.0857996940612793, 2.3206653594970703, 5.8555588722229, 5.509530067443848, 5.776029586791992, 3.2045395374298096, 3.4171411991119385, 3.0971827507019043, 2.5785019397735596, 2.0787744522094727, 1.7376948595046997, 1.0384894609451294, 1.0561991930007935, 1.1633288860321045, 2.8309454917907715, 2.7765793800354004, 3.0081708431243896, 4.851622104644775, 6.418376922607422, 6.647596836090088, 2.1342592239379883, 3.559539556503296, 1.672855019569397, 1.285847783088684, 0.8176599144935608], "l3": [1.22891104221344, 1.561231255531311, 3.3880579471588135, 1.3739556074142456, 1.563133716583252, 1.328856348991394, 0.48714905977249146, 0.6990174651145935, 0.8720904588699341, 1.2147867679595947, 0.9788426160812378, 1.3714581727981567, 0.6865578889846802, 0.764365553855896, 0.8485155701637268, 1.4364932775497437, 1.2730185985565186, 2.0929150581359863, 1.340444803237915, 1.897117018699646, 1.4024165868759155, 1.4914723634719849, 1.1229015588760376, 0.9528719782829285, 1.4601294994354248, 1.8028545379638672, 1.8077123165130615, 1.4512280225753784, 0.9687076807022095, 1.175671935081482, 0.7279489636421204, 1.0305073261260986, 1.8740344047546387, 2.1276369094848633, 2.1891956329345703]}, "vhh": {"all": [1.5247092247009277, 1.526163935661316, 1.1870230436325073, 1.2588493824005127, 1.196075201034546], "fr": [1.4239619970321655, 1.4042139053344727, 0.9710527658462524, 0.9847562909126282, 1.0200105905532837], "cdr1": [2.3275744915008545, 2.562553644180298, 1.4750511646270752, 1.3190652132034302, 0.8595992922782898], "cdr2": [2.0366504192352295, 1.5967504978179932, 2.407423734664917, 2.855994939804077, 2.2367806434631348], "cdr3": [1.0754965543746948, 1.3429510593414307, 1.2084870338439941, 1.3014827966690063, 1.5141412019729614], "h3": [1.0754965543746948, 1.3429510593414307, 1.2084870338439941, 1.3014827966690063, 1.5141412019729614]}}