{"fab": {"all": [1.1694607734680176, 1.1842595338821411, 1.015884280204773, 0.8201427459716797, 0.6343353986740112, 0.8646782040596008, 1.136584997177124, 1.4399243593215942, 1.116398572921753, 1.1080727577209473, 1.0894346237182617, 0.7291656732559204, 1.5007787942886353, 1.688889503479004, 1.857256531715393, 1.4273521900177002, 1.1654844284057617, 1.2288949489593506, 1.0491983890533447, 0.8874949216842651, 0.9588426351547241, 0.9627152681350708, 1.1443153619766235, 0.986812949180603, 0.4767366945743561, 0.5581256747245789, 0.4301227033138275, 1.8187090158462524], "fr": [1.1325069665908813, 1.1989556550979614, 0.6486768126487732, 0.7248197197914124, 0.5304096341133118, 0.7092519402503967, 0.5199704766273499, 1.0440564155578613, 0.5650560855865479, 0.4985443949699402, 0.4771464765071869, 0.41352081298828125, 0.9880001544952393, 0.9101818799972534, 0.9072597622871399, 0.5757716298103333, 0.43975830078125, 0.6173098683357239, 0.4695395827293396, 0.5020514130592346, 0.49414175748825073, 1.0066375732421875, 1.181895136833191, 1.0372673273086548, 0.4337122142314911, 0.4709164500236511, 0.3578926920890808, 0.7584710717201233], "cdr1": [1.4626388549804688, 1.3414026498794556, 1.1396563053131104, 0.9945392608642578, 0.7981118559837341, 0.9858494997024536, 0.37876322865486145, 0.4467735290527344, 0.6852209568023682, 0.6034265756607056, 0.6072075366973877, 0.6304506659507751, 1.5365018844604492, 1.335566759109497, 1.1681106090545654, 0.7040081024169922, 0.3475111424922943, 0.39515718817710876, 0.5897389054298401, 0.7816864252090454, 0.6738737225532532, 0.6925382018089294, 1.2563447952270508, 0.796111524105072, 0.5349728465080261, 0.7072243094444275, 0.4481889009475708, 1.4305119514465332], "cdr2": [1.0769144296646118, 1.2020983695983887, 1.0012503862380981, 1.1804505586624146, 1.1271257400512695, 1.090874195098877, 0.727333128452301, 0.6811115145683289, 0.88164222240448, 0.41685882210731506, 0.6830693483352661, 0.6564439535140991, 1.085873007774353, 0.8950713276863098, 0.8998261094093323, 0.9032335877418518, 0.7209495306015015, 0.7225151658058167, 0.5506414771080017, 0.5745058059692383, 0.5640243887901306, 0.6168379187583923, 0.6830646991729736, 0.6392294764518738, 0.726760983467102, 0.8846980333328247, 0.6314501166343689, 1.396210789680481], "cdr3": [1.2110735177993774, 0.8388341665267944, 2.424469232559204, 1.0734245777130127, 0.8020440340042114, 1.5116760730743408, 2.962723970413208, 3.1721723079681396, 2.7930374145507812, 2.9425435066223145, 2.8867177963256836, 1.747309684753418, 3.379577398300171, 4.2840118408203125, 4.900036334991455, 3.7819650173187256, 3.1372692584991455, 3.144895553588867, 2.7769522666931152, 2.1522998809814453, 2.4329280853271484, 0.8646612167358398, 0.8301408886909485, 0.7491586804389954, 0.5826107263565063, 0.7948957681655884, 0.6928854584693909, 5.015896320343018], "h3": [1.281211256980896, 0.8178185224533081, 2.3379526138305664, 1.056161880493164, 0.9659122228622437, 1.565385103225708, 3.7838759422302246, 4.036328315734863, 3.5585410594940186, 3.636967420578003, 3.5313661098480225, 2.099431037902832, 4.359830856323242, 5.596518039703369, 6.407546043395996, 4.8435773849487305, 4.0194878578186035, 4.027082920074463, 3.4607744216918945, 2.495501756668091, 3.020698308944702, 0.9056199789047241, 0.5347146391868591, 0.6674197912216187, 0.6649147868156433, 0.9047189950942993, 0.8127977252006531, 6.324100494384766], "l3": [1.1106880903244019, 0.8660621643066406, 2.5243780612945557, 1.0978806018829346, 0.474132776260376, 1.430540680885315, 0.46469688415527344, 0.6600132584571838, 0.5355539321899414, 0.9440944194793701, 1.1399760246276855, 0.8662605285644531, 1.0374014377593994, 0.8177849054336548, 0.8748813271522522, 0.38930845260620117, 0.29107797145843506, 0.3350059688091278, 0.6783243417739868, 1.3858814239501953, 0.6854366660118103, 0.8216632008552551, 1.0451545715332031, 0.8228172659873962, 0.4185129404067993, 0.5772416591644287, 0.43727606534957886, 0.6589035987854004]}, "vhh": {"all": [0.618918776512146, 1.0698517560958862], "fr": [0.572761595249176, 1.141777753829956], "cdr1": [0.5376484990119934, 0.6506484150886536], "cdr2": [0.39562925696372986, 1.0560048818588257], "cdr3": [1.0052934885025024, 0.6982631087303162], "h3": [1.0052934885025024, 0.6982631087303162]}}