{"fab": {"all": [1.183841586112976, 1.217269778251648, 0.8091070652008057, 0.8047832250595093, 0.8991216421127319, 0.6801533102989197, 1.0920186042785645, 1.1765998601913452, 1.1844714879989624, 1.0556738376617432, 0.9099156856536865, 0.8775872588157654, 1.321871280670166, 1.192756175994873, 1.2965705394744873, 1.1924184560775757, 1.4073692560195923, 1.4807612895965576, 0.7724907994270325, 0.763935923576355, 0.7246159315109253, 0.8431174755096436, 1.015084147453308, 0.9724461436271667, 0.5639848709106445, 0.6197367906570435, 0.5920267701148987, 0.466210275888443], "fr": [1.1580235958099365, 1.245282769203186, 0.5469219088554382, 0.7530262470245361, 0.8846684694290161, 0.6062846779823303, 0.3872992992401123, 0.4554624855518341, 0.35916921496391296, 0.45194679498672485, 0.3637823164463043, 0.43405696749687195, 0.881119430065155, 0.8469434380531311, 0.8779599070549011, 0.4081075191497803, 0.39103370904922485, 1.0900636911392212, 0.33621639013290405, 0.34496110677719116, 0.42598289251327515, 0.859309196472168, 1.0209295749664307, 1.0114983320236206, 0.503240168094635, 0.5646346807479858, 0.5234501361846924, 0.42665374279022217], "cdr1": [1.3549880981445312, 1.2004443407058716, 0.8239392638206482, 1.0432767868041992, 0.9191890358924866, 0.9935228228569031, 0.363403856754303, 0.4797845780849457, 0.30791667103767395, 0.5866258144378662, 0.6241462826728821, 0.5294733047485352, 1.1044377088546753, 0.9365499019622803, 0.987843930721283, 0.4540608525276184, 0.3370172679424286, 0.5982944965362549, 0.4908334016799927, 0.5624667406082153, 0.5261731147766113, 0.8452198505401611, 1.1153944730758667, 0.7260010242462158, 0.6661005020141602, 0.7062586545944214, 0.713766872882843, 0.5124679207801819], "cdr2": [1.1216683387756348, 1.3647630214691162, 0.9717075228691101, 1.240405559539795, 1.1693977117538452, 1.0931813716888428, 0.5242611765861511, 0.603882908821106, 0.637403130531311, 0.4844400882720947, 0.6241933703422546, 0.7067223191261292, 0.8912221789360046, 0.8636515736579895, 0.9823350310325623, 0.6047641038894653, 0.8177840709686279, 0.6314205527305603, 0.577338695526123, 0.5240974426269531, 0.4743978679180145, 0.6613894104957581, 0.7422872185707092, 0.6300821900367737, 0.8072592616081238, 0.7673399448394775, 0.8691689372062683, 0.5824910402297974], "cdr3": [1.2562295198440552, 0.8561531901359558, 1.8448165655136108, 0.60284024477005, 0.7957663536071777, 0.5704115629196167, 2.970447301864624, 3.1572999954223633, 3.2690000534057617, 2.8221824169158936, 2.4264109134674072, 2.2447807788848877, 3.0298972129821777, 2.6309289932250977, 2.9516327381134033, 3.2490713596343994, 3.9048357009887695, 3.2197680473327637, 2.0321998596191406, 1.9883919954299927, 1.753278136253357, 0.7662862539291382, 1.0004756450653076, 0.9127449989318848, 0.7470738887786865, 0.8291484117507935, 0.7894015908241272, 0.632409930229187], "h3": [1.3346924781799316, 0.8335666656494141, 1.346863031387329, 0.7156604528427124, 0.673921525478363, 0.6287241578102112, 3.794001817703247, 4.041046619415283, 4.180531024932861, 3.4430994987487793, 3.035231113433838, 2.7981338500976562, 3.9342894554138184, 3.4351706504821777, 3.8392586708068848, 4.1548237800598145, 4.990851402282715, 4.110441207885742, 2.4567055702209473, 2.4653682708740234, 2.1865155696868896, 0.809589684009552, 0.7625895142555237, 0.9796997308731079, 0.8806543946266174, 0.9614549875259399, 0.9244712591171265, 0.7674925327301025], "l3": [1.143266201019287, 0.8853728175163269, 2.3044559955596924, 0.385422021150589, 0.9444078803062439, 0.47367390990257263, 0.4625982940196991, 0.37028369307518005, 0.43816372752189636, 1.162470817565918, 0.4844566583633423, 0.5432950258255005, 0.7691615223884583, 0.5187844038009644, 0.701747477054596, 0.43874603509902954, 0.5633155107498169, 0.5262229442596436, 0.943595290184021, 0.5850873589515686, 0.415105938911438, 0.7203844785690308, 1.191788673400879, 0.8404734134674072, 0.4585050344467163, 0.5553675889968872, 0.5027598142623901, 0.29115530848503113]}, "vhh": {"all": [0.569476306438446, 1.0611456632614136], "fr": [0.5001529455184937, 1.1536380052566528], "cdr1": [0.5336894989013672, 0.6428155303001404], "cdr2": [0.7083099484443665, 1.0550882816314697], "cdr3": [0.8942160606384277, 0.32696980237960815], "h3": [0.8942160606384277, 0.32696980237960815]}}