{"fab": {"all": [1.2788455486297607, 1.2499421834945679, 1.1793066263198853, 1.4160430431365967, 1.3937541246414185, 1.4830814599990845, 1.256595253944397, 1.302272915840149, 1.4525582790374756, 0.9637484550476074, 0.8895465731620789, 0.9282392263412476, 2.035163164138794, 2.3443286418914795, 2.063744068145752, 1.445052981376648, 1.6142146587371826, 1.4584730863571167, 1.175062656402588, 0.8236534595489502, 0.884733259677887, 1.0991326570510864, 1.208150029182434, 1.137093186378479, 1.11001455783844, 1.152667760848999, 1.069016456604004, 1.4650347232818604], "fr": [1.1949753761291504, 1.2455748319625854, 0.8950215578079224, 1.0684654712677002, 1.0959452390670776, 1.1382241249084473, 0.7130042910575867, 0.987913966178894, 1.0675162076950073, 0.5840812921524048, 0.5489009618759155, 0.727853000164032, 1.247599720954895, 1.6818463802337646, 1.405689001083374, 0.9343554973602295, 1.3049297332763672, 1.17510986328125, 0.9630113244056702, 0.6794825196266174, 0.7293657660484314, 1.1200355291366577, 1.1601008176803589, 1.18039071559906, 0.5397632122039795, 0.8897998929023743, 0.7004613876342773, 0.6063652038574219], "cdr1": [1.628464698791504, 1.5654665231704712, 1.4053468704223633, 2.1685895919799805, 1.8500971794128418, 2.1591622829437256, 1.199176549911499, 0.8247907757759094, 1.0565252304077148, 0.8879379034042358, 1.248399019241333, 1.2232084274291992, 1.7521339654922485, 2.1037211418151855, 2.079240322113037, 1.5941556692123413, 1.5433588027954102, 1.198673129081726, 1.5222113132476807, 1.3771413564682007, 1.1715797185897827, 0.9952118396759033, 1.0408110618591309, 0.8893094062805176, 0.4154480993747711, 1.0252727270126343, 0.8774110078811646, 0.7606319785118103], "cdr2": [1.1030845642089844, 1.0567446947097778, 1.0237256288528442, 3.0249814987182617, 2.796943187713623, 3.1019790172576904, 1.1855648756027222, 0.9601894021034241, 1.1389851570129395, 0.6085727214813232, 0.6086359024047852, 0.8547635078430176, 1.0817782878875732, 1.0204689502716064, 0.9520222544670105, 1.6607307195663452, 1.2503962516784668, 1.3742812871932983, 1.0671190023422241, 0.8161538243293762, 0.7222368121147156, 0.9860131740570068, 0.949708878993988, 0.9506412148475647, 0.3904842734336853, 0.5682738423347473, 0.7552851438522339, 0.6679787039756775], "cdr3": [1.6294811964035034, 1.0211066007614136, 2.4525856971740723, 1.4943677186965942, 1.7384519577026367, 1.66930091381073, 2.9278507232666016, 2.6800763607025146, 3.033184051513672, 2.266399383544922, 1.938864827156067, 1.6572480201721191, 4.888697624206543, 5.142312049865723, 4.620997905731201, 3.0552265644073486, 2.9857568740844727, 2.7177281379699707, 1.9844595193862915, 1.1856807470321655, 1.4838413000106812, 1.0304325819015503, 1.7911856174468994, 0.9671589136123657, 2.96185302734375, 2.3707656860351562, 2.4699478149414062, 4.144869804382324], "h3": [1.848042607307434, 1.079797625541687, 2.4092624187469482, 1.566950798034668, 1.5816389322280884, 1.8945471048355103, 3.6771252155303955, 3.3697426319122314, 3.8177945613861084, 2.4148757457733154, 2.326915979385376, 1.7483241558074951, 6.1006669998168945, 6.452235221862793, 5.854003429412842, 3.7856662273406982, 3.6938905715942383, 3.2752344608306885, 2.0811259746551514, 1.2179958820343018, 1.387571096420288, 0.7594408392906189, 0.7742559313774109, 0.7324255108833313, 3.613164186477661, 2.533254384994507, 2.678706407546997, 5.2124176025390625], "l3": [1.28132963180542, 0.9371516704559326, 2.5035839080810547, 1.3828160762786865, 1.9427406787872314, 1.2755573987960815, 0.9612208008766174, 0.857100784778595, 0.9449054002761841, 1.9887093305587769, 0.9721716642379761, 1.489694356918335, 2.3952877521514893, 2.3942673206329346, 1.934230089187622, 1.2696423530578613, 1.26673424243927, 1.4908068180084229, 1.8083053827285767, 1.1286234855651855, 1.634539008140564, 1.2437171936035156, 2.411891460418701, 1.1551387310028076, 1.3859161138534546, 2.084603786468506, 2.093064308166504, 0.7287136912345886]}, "vhh": {"all": [1.9774603843688965, 1.9037325382232666], "fr": [1.5114660263061523, 1.6509597301483154], "cdr1": [4.310158729553223, 4.029079914093018], "cdr2": [2.5637125968933105, 1.6139320135116577], "cdr3": [1.9536458253860474, 1.3719850778579712], "h3": [1.9536458253860474, 1.3719850778579712]}}