{"fab": {"all": [1.1309562921524048, 1.2304565906524658, 1.0007489919662476, 0.7138034105300903, 0.7204180359840393, 0.712188720703125, 1.104465365409851, 1.19624924659729, 1.1092016696929932, 0.9645543694496155, 0.9758206605911255, 0.9821652173995972, 1.0832486152648926, 1.08396577835083, 1.089911699295044, 1.1012394428253174, 1.1892331838607788, 1.121875286102295, 0.8548631072044373, 0.863494873046875, 0.9130295515060425, 0.8620678782463074, 1.0069884061813354, 0.9383924603462219, 0.9334990382194519, 0.935570478439331, 0.9349901080131531, 0.9927605986595154], "fr": [1.1342853307724, 1.269536018371582, 0.6774981617927551, 0.6451061367988586, 0.6497781276702881, 0.6417441964149475, 0.4113122522830963, 0.40680602192878723, 0.4110103249549866, 0.5709607601165771, 0.5582072734832764, 0.5704370737075806, 0.7939305305480957, 0.8433017730712891, 0.8420232534408569, 0.4108201563358307, 0.4104788601398468, 0.4080970287322998, 0.517268180847168, 0.5201899409294128, 0.5367621779441833, 0.9148315787315369, 1.0291917324066162, 0.998444139957428, 0.5618081092834473, 0.564100980758667, 0.5621005892753601, 0.6498538255691528], "cdr1": [1.1835473775863647, 1.2438338994979858, 0.8815641403198242, 0.8841584920883179, 0.8646629452705383, 0.8864439725875854, 0.36655908823013306, 0.35124361515045166, 0.4038626551628113, 1.4773832559585571, 1.496601939201355, 1.4766448736190796, 0.6920222043991089, 1.076614499092102, 1.084591031074524, 0.373039186000824, 0.36127954721450806, 0.34971028566360474, 1.3493837118148804, 1.3683192729949951, 1.3642449378967285, 0.5751559734344482, 1.0786373615264893, 0.6505603194236755, 0.6896396279335022, 0.6933752298355103, 0.6907391548156738, 0.9690359830856323], "cdr2": [0.8751589059829712, 1.1501524448394775, 0.9960719347000122, 1.2660784721374512, 1.3095803260803223, 1.275530219078064, 0.5224740505218506, 0.49851587414741516, 0.5210006833076477, 0.9455057978630066, 0.9408594965934753, 0.9465468525886536, 0.6545653939247131, 0.6623900532722473, 0.6588832139968872, 0.5368472337722778, 0.506822943687439, 0.479661762714386, 0.8616974949836731, 0.8663884997367859, 0.8869633078575134, 0.5419996380805969, 0.6511769890785217, 0.5645285248756409, 0.7383726239204407, 0.74068284034729, 0.7440895438194275, 0.8147308230400085], "cdr3": [1.1694663763046265, 0.8659543991088867, 2.3637943267822266, 0.5887560248374939, 0.5973050594329834, 0.5820185542106628, 2.98811936378479, 3.2761380672454834, 3.0003743171691895, 2.0569069385528564, 2.117757558822632, 2.1286771297454834, 2.3836467266082764, 2.1656625270843506, 2.19350266456604, 2.9771225452423096, 3.250638961791992, 3.0485036373138428, 1.7800720930099487, 1.8008191585540771, 1.969470739364624, 0.6397782564163208, 0.8776090145111084, 0.6509131789207458, 2.251746892929077, 2.2544758319854736, 2.2557566165924072, 2.320492744445801], "h3": [1.1680561304092407, 0.8931859135627747, 1.484261155128479, 0.6516837477684021, 0.6694336533546448, 0.6440232992172241, 3.8233449459075928, 4.19301176071167, 3.8405041694641113, 2.483189344406128, 2.5724732875823975, 2.5849316120147705, 3.113900661468506, 2.6332879066467285, 2.668351173400879, 3.809314250946045, 4.160318851470947, 3.901883602142334, 2.1975364685058594, 2.2336180210113525, 2.439223527908325, 0.6008276343345642, 0.4947836697101593, 0.5504446625709534, 2.4726943969726562, 2.473679304122925, 2.4774351119995117, 2.861961603164673], "l3": [1.1713441610336304, 0.828254222869873, 3.1062705516815186, 0.4836147129535675, 0.4741279184818268, 0.4784747064113617, 0.36959323287010193, 0.3865165710449219, 0.34665733575820923, 0.9699217677116394, 0.926969051361084, 0.9355413913726807, 0.4553159475326538, 1.276692509651184, 1.2896907329559326, 0.3675943613052368, 0.3844769597053528, 0.3560762405395508, 0.5880401134490967, 0.5240027904510498, 0.5984338521957397, 0.6764897704124451, 1.138237476348877, 0.7378255724906921, 1.8439626693725586, 1.850507140159607, 1.8465216159820557, 0.8413025140762329]}, "vhh": {"all": [0.6002535223960876, 1.0947617292404175], "fr": [0.5190821886062622, 1.159901738166809], "cdr1": [0.6348598003387451, 0.7526342868804932], "cdr2": [0.3714361786842346, 0.9939939975738525], "cdr3": [1.0753010511398315, 0.8269960284233093], "h3": [1.0753010511398315, 0.8269960284233093]}}