{"fab": {"all": [1.2684403657913208, 0.9853230118751526, 0.9607173204421997, 1.329777717590332, 1.0461653470993042, 1.5819531679153442, 1.2313920259475708, 1.275483250617981, 1.939162254333496, 1.8272526264190674, 0.8496388792991638, 1.4269400835037231, 1.3959629535675049, 1.4290257692337036, 1.8491442203521729, 2.574585199356079, 1.636344075202942, 1.3735167980194092, 3.218573570251465, 1.0765596628189087, 2.0364415645599365, 1.6771372556686401, 1.2517752647399902, 1.4132200479507446, 0.8957521319389343, 0.7934819459915161, 0.7957890033721924, 5.794961929321289, 2.227644681930542, 1.8694285154342651, 1.8779619932174683, 1.9697169065475464, 2.944852828979492, 2.6885831356048584, 1.2700108289718628, 1.301196575164795, 1.5144755840301514], "fr": [1.1896456480026245, 0.804709792137146, 0.9216695427894592, 1.1784378290176392, 0.6926607489585876, 1.2408010959625244, 0.9966716766357422, 1.1590512990951538, 1.4960031509399414, 1.0368108749389648, 0.819190502166748, 1.2060974836349487, 1.3185938596725464, 0.7769235372543335, 1.0845651626586914, 0.6751554608345032, 1.3941600322723389, 0.7554240226745605, 1.2454453706741333, 0.8804121017456055, 1.1614922285079956, 1.4973341226577759, 1.094971776008606, 1.297645092010498, 0.6098558902740479, 0.6331169009208679, 0.5563185811042786, 1.834492802619934, 1.7572180032730103, 0.8258743286132812, 1.3791104555130005, 1.8218542337417603, 1.7003282308578491, 1.7301634550094604, 1.0100581645965576, 1.1709047555923462, 1.1388911008834839], "cdr1": [1.60744309425354, 1.272391676902771, 1.293189287185669, 1.8321453332901, 1.336852788925171, 1.8362451791763306, 1.947556972503662, 1.3106616735458374, 1.4345989227294922, 1.549633502960205, 0.7450063228607178, 1.4177429676055908, 1.5916880369186401, 0.7913646101951599, 4.204187870025635, 1.5052601099014282, 1.637043833732605, 0.720465898513794, 1.4069827795028687, 1.4091633558273315, 2.127462863922119, 2.172346591949463, 1.1770508289337158, 1.7437500953674316, 1.6855030059814453, 1.1612404584884644, 1.2573928833007812, 3.507902145385742, 1.9063588380813599, 1.2772722244262695, 2.4730417728424072, 2.2207319736480713, 1.685537338256836, 1.5777525901794434, 1.1112596988677979, 1.7269779443740845, 1.9166067838668823], "cdr2": [1.2608004808425903, 0.9728464484214783, 0.7184620499610901, 1.8214285373687744, 1.0269460678100586, 2.1372711658477783, 1.2633453607559204, 1.718672513961792, 1.401908040046692, 1.1593683958053589, 0.8860106468200684, 2.409386396408081, 1.345953345298767, 1.1224783658981323, 1.6710776090621948, 0.7305307984352112, 2.4351208209991455, 1.3330371379852295, 1.1916061639785767, 0.7027473449707031, 1.303981065750122, 1.9867454767227173, 1.0690017938613892, 1.7635724544525146, 2.288555145263672, 0.5817482471466064, 1.0946755409240723, 1.8934030532836914, 3.835829257965088, 6.243001937866211, 4.829521656036377, 2.130282402038574, 2.298250198364258, 6.274009704589844, 0.7479262948036194, 1.321077823638916, 1.3633078336715698], "cdr3": [1.5510056018829346, 1.7658543586730957, 1.1251767873764038, 1.7410310506820679, 2.2471868991851807, 2.829502582550049, 1.9712090492248535, 1.5943880081176758, 4.130910873413086, 4.1350016593933105, 1.123067021369934, 1.9278370141983032, 1.8261665105819702, 3.507826328277588, 3.607365608215332, 6.492980480194092, 2.5955095291137695, 3.0627684593200684, 8.146678924560547, 2.1664960384368896, 4.713817119598389, 2.5790741443634033, 2.095630168914795, 1.7234575748443604, 0.9115114212036133, 1.5240306854248047, 1.6242247819900513, 13.410496711730957, 3.5033226013183594, 3.3264119625091553, 1.9472198486328125, 2.5144381523132324, 6.62363862991333, 4.869922637939453, 2.862912178039551, 1.8886644840240479, 2.939788341522217], "h3": [1.5309988260269165, 2.0770034790039062, 1.1184728145599365, 1.6894265413284302, 2.6367456912994385, 3.5185441970825195, 2.505094528198242, 1.5699849128723145, 5.01743221282959, 4.897451877593994, 1.4220914840698242, 2.0084359645843506, 1.9674333333969116, 4.232148170471191, 4.624279499053955, 7.525576114654541, 3.2007246017456055, 3.74141263961792, 9.56242561340332, 2.4326679706573486, 5.572817325592041, 2.9957196712493896, 2.235692024230957, 1.7971103191375732, 1.2122554779052734, 1.830932855606079, 0.9077408313751221, 15.108823776245117, 3.9960079193115234, 4.236281871795654, 1.3795864582061768, 3.056380033493042, 7.677661418914795, 5.742763042449951, 3.7916336059570312, 2.206589698791504, 3.437563180923462], "l3": [1.5794569253921509, 1.1217219829559326, 1.1355268955230713, 1.8183958530426025, 1.481884479522705, 0.8461492657661438, 0.9822207689285278, 1.646020770072937, 1.8834604024887085, 1.9876426458358765, 0.5754037499427795, 1.7404478788375854, 1.6002472639083862, 0.6851783990859985, 0.9601166248321533, 0.5836880803108215, 1.131295919418335, 0.9565147757530212, 1.5154169797897339, 1.2291736602783203, 2.3305020332336426, 0.7826673984527588, 1.8495999574661255, 1.5238298177719116, 0.4383406639099121, 0.8821573853492737, 2.2655045986175537, 1.4986686706542969, 2.209897041320801, 1.629362940788269, 2.527493715286255, 0.9127985239028931, 1.9171702861785889, 1.4498436450958252, 1.1529780626296997, 1.3531721830368042, 1.9699305295944214]}, "vhh": {"all": [1.4755356311798096, 1.1477344036102295, 1.1477208137512207, 1.2135292291641235, 2.042813777923584, 1.7046245336532593, 1.063864827156067, 1.4959992170333862, 1.7504669427871704, 1.6228246688842773, 1.6345233917236328, 1.3040120601654053, 8.585724830627441, 1.0410606861114502, 1.7991946935653687, 4.05914306640625, 1.2473981380462646, 1.0064138174057007, 1.6023601293563843, 1.444528341293335], "fr": [0.6127676367759705, 0.8461949229240417, 0.4907715320587158, 1.088524341583252, 2.0763466358184814, 1.6485499143600464, 0.7336289286613464, 0.6259574890136719, 0.8807766437530518, 1.498753547668457, 1.5119295120239258, 0.8200819492340088, 8.585724830627441, 0.918393075466156, 1.6203012466430664, 0.604762077331543, 0.6495426893234253, 0.8198721408843994, 1.516616702079773, 0.6860235929489136], "cdr1": [3.2282626628875732, 0.5537216067314148, 1.0714225769042969, 1.345401406288147, 0.9636485576629639, 1.6279720067977905, 0.6979303359985352, 3.6970536708831787, 1.2935187816619873, 2.8846285343170166, 2.930098533630371, 0.6355416774749756, 1.4721925258636475, 5.747696876525879, 2.959599733352661, 3.5889642238616943, 1.920519471168518, 1.2243976593017578, 1.2034028768539429], "cdr2": [0.3289715051651001, 1.174026608467102, 0.7592233419418335, 2.0203118324279785, 0.9947901368141174, 1.3923921585083008, 1.1013364791870117, 1.1105008125305176, 1.116281270980835, 1.0758215188980103, 1.252207636833191, 0.5300944447517395, 2.004342555999756, 2.6495070457458496, 1.0695420503616333, 1.1285797357559204, 1.2712794542312622, 1.1548317670822144, 1.4732595682144165], "cdr3": [2.6541311740875244, 2.069896936416626, 2.5259594917297363, 1.2801952362060547, 2.4609291553497314, 2.301959276199341, 2.0857293605804443, 2.8546481132507324, 5.125783443450928, 1.585253119468689, 1.4149622917175293, 3.778831958770752, 0.5774848461151123, 2.0812747478485107, 10.80094051361084, 1.590004324913025, 1.1105910539627075, 2.3098976612091064, 3.240851879119873], "h3": [2.6541311740875244, 2.069896936416626, 2.5259594917297363, 1.2801952362060547, 2.4609291553497314, 2.301959276199341, 2.0857293605804443, 2.8546481132507324, 5.125783443450928, 1.585253119468689, 1.4149622917175293, 3.778831958770752, 0.5774848461151123, 2.0812747478485107, 10.80094051361084, 1.590004324913025, 1.1105910539627075, 2.3098976612091064, 3.240851879119873]}}